record,fixstamp
"Elizabeth Marsh||Gettysburg|2024-01-17|721|Faucet dripping, dripping forever, dripping highly, morosely.",
Amanda||Hudson|2024-01-17||Mighty cold sucking from thermostat; @#$%*&! fan.,
Tracey Thompson|doors|Hudson|2024-01-18|893|,
Rhonda Carter|hvac||2024-01-18|268|Aircon sounds like a ghost lives inside it.,
Willie Greene||Charleston|2024-01-19|331|Internet running at 270 bits per second.,
"Teri Perry|windows|Detroit|2024-01-20|486|Stuck and injured @#$%*&!, lock @#$%*&! handle will not open.",
Victoria Ward|doors||2024-01-21|345|Door bashed with an axe bashed with an axe trapped locked inside.,
Jerry Massey|plumbing|Detroit||431|No hot water. 11 days. Hope dwindling.,
John Clark||Antietam|2024-01-21|105|Unexpected a/c incursions.,
"Shannon Ramos|connectivity||2024-01-22|753|Slow download of wireless, hopelessness of websites; Internet law suit.",
Court Boone|connectivity|Charleston|2024-01-22||Slow download wireless for hopeless websites for.,
"Darryl Vazquez|doors|Antietam|2024-01-23|176|Door wont shut, door refuses the shutting, the door.",
Billy Walker||Antietam|2024-01-24|146|Experiencing thermostat wheeze.,
Laurie Lopez|electrical||2024-01-25|413|Hopeless light switches demean us all.,
"Shane-O|electrical|Frederick|2024-01-26|685|Darkness, switches of darkness, the fridge LED wire explodes.",
Sandra Garcia|||2024-01-26||Having trouble.,
Sandra Glass|plumbing|Bull Run|2024-01-26||With plunger toilet squeak and chains rattle.,
Gina Edwards|connectivity||2024-01-26||Wireless wifi websites wont work.,
"Gabriela Carter|outlets|Bull Run|2024-01-26|293|Forever sparks and danger, and yet I glow like the hallway specter.",
|doors|Hudson|2024-01-27|841|Might might highly might.,