fname,lname,phone
Douglas,Benton,(801) 824-2096
Elizabeth,Marsh,(801) 244-3139
Jacob,Tate,(385) 667-9305
John,Spencer,(385) 533-2738
William,Miller,(801) 816-3369
Marcus,Beck,(801) 966-4220
Andrea,Schroeder,(801) 295-5912
Claudia,Taylor,(385) 475-6978
Cody,Burton,(801) 862-3364
Stacey,Hubbard,(385) 370-1853
Adrienne,Herrera,(801) 946-8871
Peggy,Gillespie,(801) 742-1028
Barbara,Parrish,(801) 480-9048
Christine,Carter,(385) 242-6981
Kristen,Li,(801) 496-3054
Kathy,Peterson,(801) 483-5698
Lindsay,Marsh,(385) 669-1399
Connie,Miller,(801) 871-8034
Connie,Hunt,(801) 927-1113
Tara,Soto,(801) 573-5413
Bryan,Kelley,(801) 938-8829
Chelsey,Lewis,(801) 751-2720
Brian,Rogers,(385) 500-2706
Joseph,Salazar,(801) 859-5287
Kayla,Bradshaw,(385) 772-8835
Eric,Brown,(385) 313-8365
Charles,Clark,(385) 626-3193
Joseph,Nelson,(801) 300-8874
Jamie,Guerrero,(801) 961-6328
Benjamin,Tate,(801) 875-8020
Jodi,Miles,(385) 628-7140
Jennifer,Williams,(385) 516-1664
Jeremiah,Hurst,(385) 429-9498
Jesse,Christian,(385) 338-6750
David,Jenkins,(385) 771-4754
Jordan,Odonnell,(801) 212-7147
Ivan,Rodriguez,(385) 201-5862
Michelle,Horn,(385) 239-8377
Anthony,Kaufman,(801) 536-1737
David,Mata,(385) 398-1960
Carol,Combs,(801) 703-5986
Lisa,Miller,(385) 439-6124
John,Richards,(801) 387-3276
Jesus,Bowman,(801) 206-6535
Katelyn,Lopez,(385) 514-7171
Michele,Sutton,(801) 652-4734
William,Hall,(385) 216-9736
James,Harvey,(385) 620-1463
Hunter,Peters,(801) 450-5407
Linda,Kemp,(385) 712-8833
Blake,Morris,(801) 439-8700
Thomas,Brown,(801) 854-7740
Michelle,Martin,(385) 854-3984
Candace,Allen,(385) 324-8760
Thomas,Aguirre,(801) 354-9163
Joseph,Thompson,(801) 940-6580
Billy,Walker,(801) 958-4391
Teresa,Shaw,(385) 661-8213
Benjamin,Martin,(801) 327-6871
Allen,Bennett,(385) 845-4389
Alexander,Moore,(801) 873-3763
Kristen,Marshall,(801) 445-5720
Ashley,Lee,(801) 772-5044
John,Garcia,(801) 726-2581
Michelle,Goodwin,(385) 483-2766
Kendra,Miller,(385) 860-5885
Marissa,Mooney,(385) 836-4546
Ronald,Thomas,(385) 792-9782
Tanya,Lawrence,(385) 418-6561
Shelia,Allen,(801) 289-9699
Rhonda,Howard,(801) 752-7457
Monica,Allen,(801) 670-2947
Kelly,Garza,(801) 657-3686
Henry,Horne,(801) 677-7345
Michael,Cox,(801) 913-6232
James,Chambers,(385) 529-1570
Timothy,Brown,(801) 527-7905
Tammy,Durham,(801) 486-5924
Hector,Harris,(801) 607-4358
Lindsay,Moore,(801) 538-2440
Anthony,Chen,(385) 407-6704
Matthew,Lane,(801) 431-9109
Amy,Fowler,(801) 654-1483
Ashley,Hill,(385) 332-1748
Brett,Jackson,(801) 259-4606
Carrie,Tran,(801) 696-4725
Barbara,Hansen,(801) 698-6119
Victoria,Foster,(801) 576-4455
Nathaniel,James,(385) 391-8753
Jennifer,Franklin,(801) 660-7264
Amy,Smith,(801) 204-1844
David,Hunter,(385) 828-4047
Lauren,Roy,(385) 275-2308
Bradley,Morris,(801) 452-4161
Derek,Mills,(801) 423-2510
Briana,Holmes,(801) 203-7457
Connie,Wilson,(385) 428-3613
William,Smith,(801) 800-2792
Aaron,Schmidt,(801) 766-5587
Ashley,Frazier,(385) 601-3653
Daniel,Dixon,(801) 823-3313
Michael,Bennett,(801) 804-3604
Alyssa,Reed,(385) 476-5591
James,Martin,(385) 205-1081
Richard,Ruiz,(385) 978-3021
Cynthia,Ryan,(385) 223-4937
Henry,White,(801) 656-2949
Leslie,Nunez,(801) 823-5040
Ethan,Walker,(801) 943-7877
Kirsten,Garcia,(801) 404-6259
Tanya,Brown,(801) 908-4416
Morgan,Smith,(801) 297-6304
Steven,Hampton,(801) 353-2044
Courtney,Morales,(801) 203-1215
Courtney,Johns,(801) 204-1288
Darryl,Vazquez,(801) 993-4201
Alicia,Bishop,(801) 269-9964
Carrie,Lloyd,(801) 339-3321
George,Rubio,(801) 791-2423
Jessica,Kelly,(801) 770-9303
Thomas,Jackson,(801) 240-5042
David,Gonzalez,(801) 254-5635
Timothy,Lopez,(385) 953-7525
Jerry,Miles,(385) 240-2025
Diane,Brown,(385) 874-8868
Linda,King,(801) 605-4563
Sarah,Sims,(385) 850-9597
Angela,Lloyd,(385) 552-5094
Gregory,Wallace,(801) 979-7072
Christopher,Wagner,(385) 538-7095
Carlos,Edwards,(385) 490-7883
Leslie,Marquez,(801) 411-1953
Anthony,Banks,(801) 639-4905
Shannon,Oliver,(385) 323-9893
Jessica,Brown,(801) 278-3808
Katherine,Robertson,(801) 651-8132
Alexa,Davis,(801) 351-2764
Sue,Bowman,(385) 396-4059
Terrence,Little,(801) 527-4396
Virginia,Huerta,(801) 541-9392
Sarah,David,(801) 462-8628
Dennis,Potter,(385) 896-2593
Jennifer,Barton,(385) 451-6255
Lisa,Davis,(385) 300-6373
Philip,Webb,(801) 253-8009
Becky,Nielsen,(385) 409-5165
Calvin,Flores,(385) 445-4235
Carrie,Nichols,(385) 570-7822
Daniel,Smith,(801) 213-7795
Tamara,Herrera,(801) 763-2490
Cameron,Rice,(801) 889-4528
Michael,Woodward,(801) 975-7735
Anthony,Vincent,(801) 450-4396
Deanna,Moore,(801) 572-2417
Whitney,Baker,(801) 260-3970
Jessica,Young,(801) 865-7107
Sara,Jensen,(385) 231-3896
Christopher,Banks,(385) 387-4211
Christina,Marquez,(801) 694-8618
Matthew,Shaw,(385) 714-6463
Michael,Mayer,(801) 530-1407
Deanna,Andrade,(801) 999-5024
Nicole,Singh,(385) 977-7055
Kelsey,Price,(801) 551-3070
Anthony,Taylor,(801) 510-4564
John,Chandler,(801) 808-1957
Martha,Wright,(385) 694-8062
Amber,Byrd,(801) 862-8683
Tracy,Gray,(801) 546-6929
Ashley,Lyons,(385) 407-1807
Ronald,Davis,(801) 356-7904
Drew,Mueller,(801) 922-5683
Pamela,Matthews,(385) 417-3825
David,Nelson,(385) 306-8428
Victoria,Martinez,(801) 514-5412
Eric,Jones,(801) 475-9664
Alexandra,Hill,(385) 805-9154
Anne,Johnson,(801) 829-7164
Angelica,Coleman,(385) 731-2164
Dustin,English,(385) 397-7415
John,Gutierrez,(801) 637-3584
Andrea,Cruz,(801) 948-9431
Heather,Christensen,(801) 751-2730
Samantha,Turner,(801) 740-6247
Robert,Cole,(385) 862-5199
Kimberly,Williams,(801) 941-4712
Heather,Wells,(385) 741-6307
George,Aguilar,(385) 743-2399
Emily,Lambert,(801) 568-5188
Katie,Dorsey,(801) 450-5633
April,Livingston,(385) 840-6547
Pamela,Rodriguez,(801) 445-9743
Juan,Campbell,(801) 981-1774
Sarah,Hunt,(801) 583-4191
Jose,Miller,(801) 324-5450
Lindsay,Navarro,(385) 307-7777
Samantha,Powell,(801) 782-8230
Jennifer,Schmidt,(801) 598-5545
Tammy,Maynard,(801) 494-8260
Douglas,Joseph,(385) 526-6702
Stephanie,Nelson,(385) 552-1657
Amber,Miller,(801) 730-4973
Micheal,Ortiz,(801) 816-3753
Kenneth,Garrett,(385) 635-3129
Adam,Gardner,(801) 947-8588
Amy,Castillo,(801) 344-3368
Christopher,Levy,(385) 341-2316
Jimmy,Lewis,(385) 843-3951
Tina,Dean,(385) 475-8770
Ian,Kelley,(801) 725-8373
Charles,Preston,(801) 865-2296
John,Wolfe,(385) 492-6749
Joan,Terry,(385) 248-4906
Matthew,Howell,(801) 781-4045
Eric,Henderson,(801) 395-5296
Paula,Miller,(801) 792-8953
Renee,Krause,(801) 288-3607
Michael,Harris,(801) 711-4901
Nicholas,Chandler,(385) 770-4866
Harold,Jordan,(385) 305-4743
Tracy,Fleming,(801) 998-4209
Luis,Dean,(385) 394-1694
Erika,Mitchell,(801) 657-2051
Alexandra,Walsh,(801) 744-6249
Devin,Robinson,(385) 913-6502
Courtney,Sanford,(801) 701-4024
Vicki,Howard,(801) 558-2323
Kristin,White,(801) 419-5731
Rhonda,Sullivan,(385) 769-6700
Brandon,Brown,(801) 227-8715
Kyle,Walker,(801) 447-5381
Jaclyn,Jones,(801) 580-9038
Debra,Hunt,(385) 986-6571
Diane,Pace,(801) 627-5408
Jeffrey,Flores,(801) 220-4677
Cameron,Nguyen,(801) 481-8955
Melissa,Schmidt,(801) 215-4143
Anthony,Lee,(801) 313-4319
Erik,Shaffer,(385) 452-2171
Morgan,Mills,(385) 396-2609
Craig,Miller,(801) 502-3866
Christopher,Carroll,(801) 834-8699
Kelli,Wright,(385) 492-2286
Thomas,Erickson,(801) 455-6983
Adam,Wilson,(801) 488-2398
Jason,Velasquez,(385) 594-9043
Christopher,Lowe,(385) 507-3466
Jessica,Whitehead,(801) 811-8472
Karen,Nichols,(385) 834-3615
Brian,Cole,(801) 677-9508
Jennifer,Taylor,(801) 405-9116
Robert,Miller,(801) 645-7857
Janet,Koch,(801) 880-7525
Brenda,Acevedo,(801) 315-9156
Jerry,Massey,(801) 979-8405
Cody,Brooks,(801) 556-4275
Wesley,Lewis,(801) 487-5183
Shannon,Maxwell,(385) 938-9959
Marco,Gomez,(801) 545-5329
Alexandria,Mcclure,(385) 793-5971
Stephanie,Clark,(385) 420-7411
Allison,Hughes,(801) 385-3435
Joanna,Parker,(801) 545-4604
Jodi,Wilson,(801) 325-3884
Alejandro,Sims,(801) 821-4309
Dillon,Sullivan,(801) 806-7850
Derek,Sanders,(801) 903-5035
David,Cooper,(385) 223-5480
Michael,Winters,(385) 215-8525
Andrew,Sanchez,(801) 948-8576
Lisa,Bowen,(801) 387-4663
Meghan,Banks,(385) 291-4817
Michelle,Carroll,(801) 823-3756
Christina,Huerta,(801) 873-8416
Anne,Morales,(801) 924-7474
Alison,Taylor,(801) 413-4083
Ralph,Brooks,(385) 497-7883
Tom,Wilkinson,(801) 338-7730
Glenn,Thomas,(385) 283-8119
Andre,Mccormick,(801) 733-2998
Marcus,Farley,(801) 859-4677
Mark,Sims,(385) 779-4053
Joann,Martinez,(801) 404-2788
Shane,Oneill,(801) 733-9241
Rebekah,Jones,(385) 989-2810
Joseph,Allen,(385) 978-6064
Jessica,Hernandez,(385) 257-8336
Christopher,Norman,(801) 339-7215
Tonya,Martinez,(801) 612-5264
Margaret,Wagner,(385) 504-2108
William,Gill,(385) 735-8405
Anthony,Castro,(385) 887-5235
Michael,Kelley,(385) 412-6907
Sherry,Smith,(801) 509-7139
David,Gray,(385) 839-2303
Jamie,Wilson,(801) 799-5308
Chris,Sanders,(385) 407-2546
James,Houston,(385) 599-7483
Jeremy,Jones,(801) 529-3394
Jose,Arnold,(385) 613-1543
Amanda,Moss,(385) 531-9130
Willie,Kelly,(801) 707-3936
Brittany,Bell,(385) 833-7387
Penny,Thomas,(385) 766-8003
Jesse,Gonzalez,(385) 767-3305
Nicole,Williams,(801) 404-8301
Jason,Taylor,(385) 839-3818
Julia,Frederick,(801) 850-1933
Brian,Brown,(385) 684-9284
Andrea,White,(801) 838-3465
Edward,Lucas,(801) 358-6180
Teresa,Gutierrez,(801) 295-2708
Mario,Parsons,(801) 671-7851
Jody,Young,(385) 536-8726
Antonio,Taylor,(801) 542-7757
Pamela,Jacobs,(801) 630-4948
Douglas,Mays,(385) 567-1041
Jill,Meyer,(385) 209-7162
Sherry,Acosta,(385) 939-8059
Kenneth,Smith,(385) 704-2275
Brian,Lang,(385) 400-1276
Benjamin,Mclean,(385) 314-6379
Michael,Fleming,(801) 309-7965
Kathleen,Thomas,(801) 626-7040
Katrina,Lee,(801) 928-4032
Heather,Thompson,(801) 579-3988
Crystal,Ruiz,(801) 280-5388
Douglas,Le,(385) 711-8499
Matthew,Frank,(801) 806-1300
Joshua,Henry,(385) 954-1184
Andrea,Contreras,(801) 235-9496
Corey,Griffith,(385) 899-4636
David,Odonnell,(801) 537-6089
Rebekah,Kelly,(801) 210-6811
Sara,Calderon,(385) 605-3414
Brandon,Andersen,(801) 972-2127
Michael,Anderson,(385) 530-3403
Megan,Castaneda,(801) 324-8973
Mason,Ramirez,(801) 523-6993
Mitchell,Howard,(385) 364-3349
Stephanie,Galvan,(385) 255-1790
Nichole,Taylor,(385) 976-9383
Carla,Wells,(385) 644-2370
David,Hernandez,(801) 854-4733
Tami,James,(801) 946-2402
Harold,Lane,(801) 642-4820
Sandra,Gilbert,(801) 427-7206
Martin,Perez,(801) 559-6284
Bradley,Daniels,(801) 387-4542
Christopher,Vaughn,(385) 640-6429
Brittany,Martin,(801) 387-6058
Ashley,Sims,(385) 215-9892
Aaron,Joyce,(385) 368-8325
Sarah,Gardner,(385) 973-5840
Jonathon,Williams,(801) 990-9008
Karen,Olson,(801) 505-9232
Heather,Sandoval,(385) 937-5384
Ashley,James,(801) 974-8182
Shawn,Carney,(801) 217-1300
Michael,Booth,(801) 674-9468
Daniel,Robinson,(385) 899-4868
Sandra,Glass,(801) 581-6676
Richard,Gutierrez,(385) 655-8115
Joshua,Benson,(385) 619-9664
Kimberly,King,(801) 667-6708
Virginia,Brewer,(385) 787-6074
Michael,Washington,(385) 678-5805
Amanda,Harris,(801) 923-7080
Rose,Rangel,(801) 437-8264
Keith,Davis,(801) 656-3379
Phillip,Douglas,(801) 398-6820
Melissa,Mason,(385) 253-3327
Kelly,Murphy,(385) 806-1380
Tara,Gilbert,(801) 806-2390
Christopher,Gibbs,(801) 361-9125
Destiny,Santana,(801) 856-3182
Jacqueline,Hicks,(385) 823-9961
Courtney,Boone,(801) 621-5270
Paul,Mueller,(385) 219-8878
Joel,Brown,(385) 512-3661
Robin,Morrison,(801) 815-1603
Willie,Reid,(385) 258-8763
Norma,Johnson,(801) 988-5524
David,York,(801) 324-3622
Christine,Shah,(801) 998-1779
Kathleen,Nelson,(801) 718-5665
Tanner,Gonzales,(385) 218-7790
Marcus,Gardner,(385) 917-6023
Stacey,Moon,(801) 470-6484
Teresa,Davenport,(385) 558-5449
Shelley,Mejia,(385) 661-9090
Jerome,Martinez,(385) 603-7410
Tyler,Hardy,(801) 610-7499
William,Medina,(801) 361-4087
Molly,Williams,(385) 264-4215
Kathleen,Conley,(385) 818-3209
Terri,Mclaughlin,(801) 257-5859
Megan,Watson,(801) 430-4696
Raymond,Ramos,(385) 505-7569
Jason,Price,(801) 514-2025
Jeremy,Richardson,(385) 260-8190
Peter,Young,(801) 594-1741
Nicholas,Munoz,(385) 926-6911
Brenda,Valencia,(385) 439-4630
Kevin,Bradford,(801) 223-4198
Brandy,Simpson,(801) 530-5445
Gregory,Hernandez,(385) 269-6269
Raymond,Hughes,(385) 929-8251
Aaron,Andersen,(801) 299-9639
Whitney,Sanders,(801) 458-5979
Isaiah,Brooks,(385) 954-3481
Bonnie,Hopkins,(385) 796-7289
Olivia,Woodard,(385) 623-4477
Roberto,White,(385) 460-4795
James,Johnson,(385) 346-9134
Michael,House,(385) 580-2131
Bryan,Schmitt,(801) 339-8288
Jennifer,Carlson,(385) 417-9111
Christine,Montgomery,(801) 265-8701
Michelle,Rodriguez,(801) 452-7109
Kelli,Lopez,(385) 396-4745
Danny,Harvey,(801) 685-7813
Christine,Rollins,(801) 318-6394
Kevin,Meza,(385) 599-2895
Tyrone,Williams,(385) 368-2769
Nicholas,Rodriguez,(385) 273-1681
Kenneth,Richardson,(385) 970-5823
Shirley,Moore,(801) 245-9081
Matthew,Ramos,(385) 272-6506
Stephen,Cooper,(801) 345-8018
Martin,Carney,(801) 635-1262
Barbara,Williams,(385) 403-8584
Caleb,Ellis,(385) 585-3824
Alyssa,Perez,(801) 265-3984
Zachary,Herman,(385) 812-1000
Christine,Hunter,(801) 754-1601
Jason,Hill,(801) 359-3142
Christopher,Phillips,(801) 347-9935
Sonya,Mack,(801) 421-8801
Samantha,Gonzalez,(385) 562-8464
Adam,Wade,(801) 836-1088
Amanda,Jones,(801) 860-9396
Thomas,Ray,(385) 403-8304
Gary,Garrison,(801) 457-4072
Brittney,Smith,(385) 686-4827
George,Barnes,(801) 477-4174
Scott,Tapia,(801) 267-2826
Tyler,Smith,(801) 456-7771
Shaun,Morgan,(801) 615-9302
Kathy,Potter,(801) 559-9634
Kimberly,May,(801) 595-2973
Brian,Fox,(801) 433-7420
Sean,Woods,(385) 703-3342
Michelle,Ramirez,(385) 666-3195
Rhonda,Carter,(801) 305-4251
Mary,Foster,(801) 793-4313
Lori,James,(801) 496-4914
Andrew,Nelson,(801) 867-1780
Noah,Harris,(801) 932-6997
Gina,Edwards,(385) 698-3055
Adam,Harris,(801) 825-2514
Natalie,Jones,(801) 699-9431
Gina,Ortega,(801) 980-1888
Tonya,Brown,(801) 393-9036
Diana,Colon,(801) 270-9703
Kelly,Lambert,(801) 598-6474
Melissa,Miles,(385) 823-2848
Michael,Golden,(801) 819-4762
Nathan,Le,(385) 411-2506
Amy,Brown,(385) 521-1510
Catherine,Cox,(385) 890-6457
Karen,Butler,(801) 574-4186
David,Brown,(385) 958-8544
Heather,Williams,(801) 720-7879
Christine,Young,(801) 712-3436
Heather,Davis,(801) 999-9990
Adriana,Browning,(801) 609-9190
Beth,Kirk,(801) 400-6503
Benjamin,Hall,(801) 312-5402
Kevin,Cowan,(801) 339-2574
Alyssa,Ross,(801) 598-4692
Jonathan,Garrett,(385) 823-3631
Teresa,Perkins,(801) 699-5433
Erica,Reed,(801) 700-2269
Nicholas,Price,(385) 335-7872
Johnny,Smith,(801) 277-5296
Jessica,Martin,(801) 612-9084
Steven,Mccullough,(385) 680-9484
Deborah,Roy,(385) 989-7429
Jimmy,Cruz,(385) 313-5848
Melissa,Greene,(801) 633-9427
David,Crawford,(801) 677-8765
Darryl,Ward,(801) 271-7019
Wendy,Davis,(385) 830-6364
Laurie,Lopez,(801) 428-2678
Virginia,Rodriguez,(801) 463-2428
Martha,Woods,(385) 339-5910
Ryan,Hinton,(801) 296-8894
Alicia,Burgess,(801) 728-1656
Karen,Baker,(801) 766-9411
Richard,Johnson,(801) 964-5467
Courtney,Oliver,(385) 371-7976
Mitchell,Trevino,(801) 541-5818
Victoria,Ward,(801) 420-3865
Ronnie,Lee,(385) 771-7823
Lori,Lopez,(801) 238-7780
Eric,Smith,(801) 207-4881
Kyle,Cole,(385) 563-2969
Lawrence,Cameron,(385) 350-9959
Heidi,Powell,(385) 638-5694
Hannah,Wilson,(385) 425-8230
Deborah,Khan,(801) 953-5451
Kathy,Singh,(801) 854-3078
Robert,Smith,(801) 270-3571
Adriana,Malone,(385) 404-3442
Kathleen,Garcia,(801) 657-2929
John,Clark,(801) 405-8198
Christy,Mendoza,(385) 276-1876
Henry,Valenzuela,(385) 684-6289
Kimberly,Perry,(801) 357-4837
Kristin,Gomez,(385) 446-7270
Joseph,Hardy,(801) 561-1403
Amy,Bryant,(385) 844-3702
Teresa,Mendez,(801) 690-9369
Courtney,Collins,(385) 583-8920
Joshua,Rivera,(385) 246-9274
Wayne,Jordan,(801) 915-8312
Michelle,Alexander,(801) 597-6385
Joshua,Newman,(801) 583-7533
Kevin,Watson,(385) 411-8888
Timothy,Marshall,(801) 645-6831
Heidi,Smith,(801) 374-1940
Eric,Thomas,(801) 346-2097
Isaac,Wilson,(385) 813-3935
Brandon,Harris,(801) 871-1114
Margaret,Miller,(801) 416-1154
Kayla,Palmer,(385) 582-3227
Shannon,Ramos,(801) 728-7140
Amanda,Browning,(801) 859-8634
Megan,Mitchell,(801) 212-2746
Matthew,Barker,(801) 907-7935
Robert,Young,(385) 306-4916
Virginia,Sanchez,(801) 462-2106
Joseph,Atkins,(801) 760-9330
Sara,Wright,(385) 864-1936
Sarah,Graham,(801) 231-6429
Kelly,Johnson,(801) 571-7595
Elaine,Stewart,(385) 582-9871
Russell,Jordan,(385) 303-3909
Amy,Smith,(801) 911-9539
Nicholas,Jensen,(385) 755-2868
Zachary,Benjamin,(801) 727-5038
Linda,Fletcher,(385) 768-8158
Rhonda,Simpson,(801) 890-3806
Kathryn,Suarez,(385) 499-9938
Mary,Lopez,(801) 581-9546
Tristan,Hogan,(801) 699-3872
Justin,Anderson,(801) 838-8396
Ashley,Morrison,(801) 998-7128
Timothy,Black,(385) 524-8445
Juan,Hayes,(385) 344-6267
Mary,Potter,(801) 399-5939
Ashley,Brock,(801) 478-6367
Tara,Gonzalez,(801) 720-6387
Ronald,Jenkins,(801) 668-6498
Margaret,Perez,(385) 236-9574
Mark,Berry,(801) 706-9812
Lisa,Riddle,(385) 971-1618
Stephanie,Andrews,(801) 220-6405
Jeffrey,Martin,(385) 721-4505
Mark,Jones,(801) 235-9735
Melissa,Romero,(801) 376-8669
Devin,Sampson,(801) 301-2716
Rachel,Armstrong,(801) 602-1447
Alyssa,Smith,(385) 675-5379
Teresa,Perry,(801) 991-4163
William,Brown,(385) 749-7295
Carla,Martinez,(385) 990-1765
Donna,Small,(801) 857-4502
Sean,Morris,(801) 214-5299
Richard,Warner,(385) 736-1716
Kevin,Andrews,(385) 436-5654
Jonathan,Henry,(385) 969-5657
Kristine,Goodwin,(801) 266-9364
Brian,Guzman,(801) 673-6422
Kristen,Harper,(385) 228-3255
Rhonda,Callahan,(385) 461-2599
Michael,Garza,(801) 350-7351
Danielle,Lucero,(385) 876-4011
Sherry,Williams,(801) 433-8726
Natalie,Moses,(801) 881-1039
Maureen,Wyatt,(385) 738-2918
Willie,Greene,(801) 472-2547
Dwayne,Moon,(801) 324-4692
Donald,Wright,(385) 516-1242
Roy,Lawrence,(385) 332-8194
Jill,Perry,(801) 998-3732
Shane,Brown,(801) 375-2498
Ronald,Webster,(385) 849-4519
Destiny,Mason,(801) 815-3458
Wayne,Wolf,(385) 567-7560
Christina,Woods,(801) 379-4748
Shane,Nelson,(801) 705-7707
David,Hurley,(801) 777-4617
Thomas,Ortega,(801) 554-4594
David,Potts,(801) 700-5700
Michael,Day,(385) 403-3504
Molly,Hampton,(385) 909-9557
Teresa,Guerrero,(801) 753-5230
Gabriela,Carter,(801) 279-3573
Terri,Villa,(801) 622-2532
Garrett,Norton,(801) 984-1598
Cynthia,Barnes,(385) 559-3673
Jeremy,Holland,(801) 290-8105
Joshua,Sanders,(385) 968-5587
Bernard,Thompson,(801) 887-7234
Ashley,Wood,(801) 478-5741
Lisa,Brown,(801) 734-4858
Danny,Mayer,(801) 830-9862
Michael,Rivera,(385) 806-5640
Karen,Williams,(801) 231-9980
Angela,Ballard,(801) 644-5389
Sophia,Rodriguez,(385) 343-7202
Melissa,Snyder,(801) 785-7549
Alexander,Bryan,(385) 496-9191
Scott,Yoder,(385) 729-1879
Jessica,Hughes,(385) 693-7586
Dennis,Cox,(801) 696-7676
Leslie,Hensley,(385) 585-8435
Catherine,Richards,(801) 850-6059
John,Miller,(801) 501-8200
Michael,Berger,(801) 266-9243
Connie,Weber,(801) 381-6754
Austin,Gomez,(385) 727-7299
Cassie,Cruz,(801) 693-1159
April,Martin,(801) 319-5003
Jenna,Barker,(385) 476-4148
Amy,Davis,(385) 449-8839
Jessica,Carter,(385) 889-4654
Leon,Martinez,(801) 620-5075
Debbie,Davis,(385) 594-2050
Vincent,Burns,(385) 963-7327
Anthony,Farmer,(385) 602-6992
Lindsay,Bailey,(801) 549-2658
Samuel,Johnson,(385) 681-2307
Austin,Choi,(801) 678-2661
Deanna,Morris,(801) 279-7026
Joseph,Paul,(385) 616-7259
Tina,Cervantes,(385) 427-2942
Derrick,Bowman,(385) 837-4333
Jose,Ramirez,(385) 306-5041
Christina,Oliver,(801) 849-9409
Sara,Brown,(385) 610-3633
Angela,Green,(801) 776-7471
Christopher,Clark,(801) 691-3914
Robert,Cain,(385) 756-1947
Autumn,Blake,(801) 624-3888
Ronald,Morris,(801) 631-5198
Scott,Anderson,(385) 796-2029
Karen,Williamson,(385) 551-5640
Anthony,Benjamin,(801) 203-1290
Patty,Miller,(801) 305-3477
Meghan,Williams,(801) 230-8326
Tiffany,Lopez,(801) 938-2982
Luis,Schwartz,(385) 282-9985
Joshua,Knox,(385) 607-9585
Tammy,Doyle,(801) 799-2104
Christopher,Frost,(801) 370-6225
Courtney,Alvarez,(801) 879-2811
Bonnie,Wright,(801) 836-6558
James,Ford,(801) 325-5197
Jason,Smith,(385) 798-7968
John,Green,(385) 629-6337
Roberto,Robinson,(385) 784-9344
Deborah,Thomas,(801) 634-7477
Andrew,Ortiz,(801) 560-9288
Jeffrey,Roach,(801) 726-4880
John,Fritz,(385) 464-8975
Kelly,Irwin,(801) 418-7268
Carol,Smith,(801) 584-9981
Sandra,Garcia,(385) 572-2308
Jeffrey,Taylor,(801) 792-3179
Nicole,Jennings,(801) 560-6455
Virginia,Davis,(801) 769-4696
Kristina,Arellano,(801) 812-4699
Michael,Ellis,(385) 256-3485
Brandi,Davis,(385) 343-4909
Amber,Welch,(385) 218-7118
Candice,Barry,(385) 506-2226
Jason,Turner,(385) 635-3080
Michael,Mccarthy,(801) 968-3750
Shawn,Martin,(385) 739-8754
Barbara,Dixon,(801) 931-1187
Tracey,Thompson,(385) 515-3266
David,Chapman,(801) 897-4823
Brenda,Jacobson,(385) 772-2808
George,Ruiz,(801) 958-8198
Daniel,Brown,(385) 963-1025
Samuel,Jimenez,(801) 331-4254
Brian,Herrera,(801) 747-2911
